school_name,address,postal_code,planning_area,town,latitude,longitude
"Admiralty Primary School","11 Woodlands Circle,","738907","WOODLANDS","WOODLANDS","",""
"Ahmad Ibrahim Primary School","10 Yishun Street 11,","768643","YISHUN","YISHUN","",""
"Ai Tong School","100 Bright Hill Drive,","579646","BISHAN","BISHAN","",""
"Alexandra Primary School","2A Prince Charles Crescent,","159016","BUKIT MERAH","BUKIT MERAH","",""
"Anchor Green Primary School","31 Anchorvale Drive,","544969","SENGKANG","SENGKANG","",""
"Anderson Primary School","19 Ang Mo Kio Ave 9,","569785","ANG MO KIO","ANG MO KIO","",""
"Ang Mo Kio Primary School","20 Ang Mo Kio Avenue 3,","569920","ANG MO KIO","ANG MO KIO","",""
"Anglo-Chinese School (Junior)","16 Winstedt Road,","227988","CENTRAL AREA","CENTRAL AREA","",""
"Anglo-Chinese School (Primary)","50 Barker Road,","309918","CENTRAL AREA","CENTRAL AREA","",""
"Angsana Primary School","51 Tampines Street 61,","528565","TAMPINES","TAMPINES","",""
"Beacon Primary School","36 Bukit Panjang Ring Road,","679944","BUKIT PANJANG","BUKIT PANJANG","",""
"Bedok Green Primary School","1 Bedok South Ave 2,","469317","BEDOK","BEDOK","",""
"Bendemeer Primary School","91 Bendemeer Road,","339948","KALLANG/WHAMPOA","KALLANG/WHAMPOA","",""
"Blangah Rise Primary School","91 Telok Blangah Heights,","109100","BUKIT MERAH","BUKIT MERAH","",""
"Boon Lay Garden Primary School","20 Boon Lay Drive,","649930","JURONG WEST","JURONG WEST","",""
"Bukit Panjang Primary School","109 Cashew Road,","679676","BUKIT PANJANG","BUKIT PANJANG","",""
"Bukit Timah Primary School","111 Lorong Kismis,","598112","BUKIT TIMAH","BUKIT TIMAH","",""
"Bukit View Primary School","18 Bukit Batok Street 21,","659634","BUKIT BATOK","BUKIT BATOK","",""
"Canberra Primary School","21 Admiralty Drive,","757714","SEMBAWANG","SEMBAWANG","",""
"Canossa Catholic Primary School","1 Sallim Road,","387621","GEYLANG","GEYLANG","",""
"Cantonment Primary School","1 Cantonment Close,","088256","BUKIT MERAH","BUKIT MERAH","",""
"Casuarina Primary School","30 Pasir Ris St 41,","518935","PASIR RIS","PASIR RIS","",""
"Catholic High School (Primary Section)","9 Bishan Street 22,","579767","BISHAN","BISHAN","",""
"Cedar Primary School","15 Cedar Avenue,","349700","TOA PAYOH","TOA PAYOH","",""
"Changkat Primary School","11 Simei St 3,","529896","TAMPINES","TAMPINES","",""
"CHIJ (Katong) Primary","17 Martia Road,","424821","BEDOK","BEDOK","",""
"CHIJ (Kellock)","1 Bukit Teresa Road,","099757","BUKIT MERAH","BUKIT MERAH","",""
"CHIJ Our Lady of Good Counsel","2C Burghley Drive,","558979","SERANGOON","SERANGOON","",""
"CHIJ Our Lady of the Nativity","1257 Upper Serangoon Road,","534793","HOUGANG","HOUGANG","",""
"CHIJ Our Lady Queen of Peace","4 Chestnut Drive,","679287","BUKIT PANJANG","BUKIT PANJANG","",""
"CHIJ Primary (Toa Payoh)","628 Lorong 1 Toa Payoh,","319765","TOA PAYOH","TOA PAYOH","",""
"CHIJ St. Nicholas Girls' School (Primary Section)","501 Ang Mo Kio Street 13,","569405","ANG MO KIO","ANG MO KIO","",""
"Chongfu School","170 Yishun Avenue 6,","768959","YISHUN","YISHUN","",""
"Chongzheng Primary School","1 Tampines Street 21,","529392","TAMPINES","TAMPINES","",""
"Chua Chu Kang Primary School","20 Choa Chu Kang Avenue 2,","689905","CHOA CHU KANG","CHOA CHU KANG","",""
"Clementi Primary School","8 Clementi Ave 3,","129903","CLEMENTI","CLEMENTI","",""
"Compassvale Primary School","21 Compassvale St,","545091","SENGKANG","SENGKANG","",""
"Concord Primary School","3 Choa Chu Kang Ave 4,","689814","CHOA CHU KANG","CHOA CHU KANG","",""
"Corporation Primary School","31 Jurong West Street 24,","648347","JURONG WEST","JURONG WEST","",""
"Damai Primary School","52 Bedok Reservoir Crescent,","479226","BEDOK","BEDOK","",""
"Dazhong Primary School","35 Bukit Batok Street 31,","659441","BUKIT BATOK","BUKIT BATOK","",""
"De La Salle School","11 Choa Chu Kang St 52,","689285","CHOA CHU KANG","CHOA CHU KANG","",""
"East Spring Primary School","31 Tampines St 33,","529258","TAMPINES","TAMPINES","",""
"Edgefield Primary School","41 Edgefield Plains,","828869","PUNGGOL","PUNGGOL","",""
"Elias Park Primary School","11 Pasir Ris Street 52,","518866","PASIR RIS","PASIR RIS","",""
"Endeavour Primary School","10 Admiralty Link,","757521","SEMBAWANG","SEMBAWANG","",""
"Evergreen Primary School","31 Woodlands Circle,","738908","WOODLANDS","WOODLANDS","",""
"Fairfield Methodist School (Primary)","100 Dover Road,","139648","QUEENSTOWN","QUEENSTOWN","",""
"Farrer Park Primary School","2 Farrer Park Road,","217567","KALLANG/WHAMPOA","KALLANG/WHAMPOA","",""
"Fengshan Primary School","307 Bedok North Road,","469680","BEDOK","BEDOK","",""
"Fern Green Primary School","70 Fernvale Link,","797538","SENGKANG","SENGKANG","",""
"Fernvale Primary School","1 Fernvale Lane,","797701","SENGKANG","SENGKANG","",""
"First Toa Payoh Primary School","7 Lorong 8 Toa Payoh,","319252","TOA PAYOH","TOA PAYOH","",""
"Frontier Primary School","20 Jurong West Street 61,","648200","JURONG WEST","JURONG WEST","",""
"Fuchun Primary School","23 Woodlands Avenue 1,","739063","WOODLANDS","WOODLANDS","",""
"Fuhua Primary School","65 Jurong East Street 13,","609647","JURONG EAST","JURONG EAST","",""
"Gan Eng Seng Primary School","100 Redhill Close,","158901","BUKIT MERAH","BUKIT MERAH","",""
"Geylang Methodist School (Primary)","4 Geylang East Central,","389706","GEYLANG","GEYLANG","",""
"Gongshang Primary School","1 Tampines Street 42,","529176","TAMPINES","TAMPINES","",""
"Greendale Primary School","50 Edgedale Plains,","828848","PUNGGOL","PUNGGOL","",""
"Greenridge Primary School","11 Jelapang Road,","677744","BUKIT PANJANG","BUKIT PANJANG","",""
"Greenwood Primary School","11 Woodlands Dr 62,","737942","WOODLANDS","WOODLANDS","",""
"Haig Girls' School","51 Koon Seng Road,","427072","GEYLANG","GEYLANG","",""
"Henry Park Primary School","1 Holland Grove Road,","278790","BUKIT TIMAH","BUKIT TIMAH","",""
"Holy Innocents' Primary School","5 Lorong Low Koon,","536451","HOUGANG","HOUGANG","",""
"Hong Wen School","30 Towner Road,","327829","KALLANG/WHAMPOA","KALLANG/WHAMPOA","",""
"Horizon Primary School","61 Edgedale Plains,","828819","PUNGGOL","PUNGGOL","",""
"Hougang Primary School","1 Hougang St 93,","534238","HOUGANG","HOUGANG","",""
"Huamin Primary School","21 Yishun Avenue 11,","768857","YISHUN","YISHUN","",""
"Innova Primary School","80 Woodlands Drive 17,","737888","WOODLANDS","WOODLANDS","",""
"Jiemin Primary School","2 Yishun Street 71,","768515","YISHUN","YISHUN","",""
"Jing Shan Primary School","5 Ang Mo Kio St 52,","569228","ANG MO KIO","ANG MO KIO","",""
"Junyuan Primary School","2 Tampines Street 91,","528906","TAMPINES","TAMPINES","",""
"Jurong Primary School","320 Jurong East Street 32,","609476","JURONG EAST","JURONG EAST","",""
"Jurong West Primary School","30 Jurong West St 61,","648368","JURONG WEST","JURONG WEST","",""
"Keming Primary School","90 Bukit Batok East Avenue 6,","659762","BUKIT BATOK","BUKIT BATOK","",""
"Kheng Cheng School","15 Lorong 3 Toa Payoh,","319580","TOA PAYOH","TOA PAYOH","",""
"Kong Hwa School","350 Guillemard Road,","399772","GEYLANG","GEYLANG","",""
"Kranji Primary School","11 Choa Chu Kang Street 54,","689189","CHOA CHU KANG","CHOA CHU KANG","",""
"Kuo Chuan Presbyterian Primary School","8 Bishan Street 13,","579793","BISHAN","BISHAN","",""
"Lakeside Primary School","161 Corporation Walk,","618310","JURONG WEST","JURONG WEST","",""
"Lianhua Primary School","2 Bukit Batok Street 52,","659243","BUKIT BATOK","BUKIT BATOK","",""
"Maha Bodhi School","10 Ubi Avenue 1,","408931","GEYLANG","GEYLANG","",""
"Maris Stella High School (Primary Section)","25 Mount Vernon Road,","368051","TOA PAYOH","TOA PAYOH","",""
"Marsiling Primary School","31 Woodlands Centre Road,","738927","WOODLANDS","WOODLANDS","",""
"Marymount Convent School","20 Marymount Road,","297754","TOA PAYOH","TOA PAYOH","",""
"Mayflower Primary School","200 Ang Mo Kio Avenue 5,","569878","ANG MO KIO","ANG MO KIO","",""
"Mee Toh School","21 Edgedale Plains,","828867","PUNGGOL","PUNGGOL","",""
"Meridian Primary School","20 Pasir Ris St 71,","518798","PASIR RIS","PASIR RIS","",""
"Methodist Girls' School (Primary)","11 Blackmore Drive,","599986","BUKIT TIMAH","BUKIT TIMAH","",""
"Montfort Junior School","52 Hougang Avenue 8,","538786","HOUGANG","HOUGANG","",""
"Nan Chiau Primary School","50 Anchorvale Link,","545080","SENGKANG","SENGKANG","",""
"Nan Hua Primary School","30 Jalan Lempeng,","128806","CLEMENTI","CLEMENTI","",""
"Nanyang Primary School","52 King's Road,","268097","BUKIT TIMAH","BUKIT TIMAH","",""
"Naval Base Primary School","7 Yishun Ave 4,","769028","YISHUN","YISHUN","",""
"New Town Primary School","300 Tanglin Halt Road,","148812","QUEENSTOWN","QUEENSTOWN","",""
"Ngee Ann Primary School","344 Marine Terrace,","449149","MARINE PARADE","MARINE PARADE","",""
"North Spring Primary School","1 Rivervale Street,","545088","SENGKANG","SENGKANG","",""
"North View Primary School","210 Yishun Avenue 6,","768960","YISHUN","YISHUN","",""
"North Vista Primary School","20 Compassvale Link,","544974","SENGKANG","SENGKANG","",""
"Northland Primary School","15 Yishun Avenue 4,","769026","YISHUN","YISHUN","",""
"Northoaks Primary School","61 Sembawang Drive,","757622","SEMBAWANG","SEMBAWANG","",""
"Northshore Primary School","30 Northshore Drive,","828671","PUNGGOL","PUNGGOL","",""
"Oasis Primary School","71 Edgefield Plains,","828716","PUNGGOL","PUNGGOL","",""
"Opera Estate Primary School","48 Fidelio Street,","458436","BEDOK","BEDOK","",""
"Palm View Primary School","150 Compassvale Bow,","544822","SENGKANG","SENGKANG","",""
"Park View Primary School","60 Pasir Ris Drive 1,","519524","PASIR RIS","PASIR RIS","",""
"Pasir Ris Primary School","5 Pasir Ris Street 21,","518968","PASIR RIS","PASIR RIS","",""
"Paya Lebar Methodist Girls' School (Primary)","298 Lorong Ah Soo,","536741","HOUGANG","HOUGANG","",""
"Pei Chun Public School","16 Lorong 7 Toa Payoh,","319320","TOA PAYOH","TOA PAYOH","",""
"Pei Hwa Presbyterian Primary School","7 Pei Wah Avenue,","597610","BUKIT TIMAH","BUKIT TIMAH","",""
"Pei Tong Primary School","15 Clementi Avenue 5,","129857","CLEMENTI","CLEMENTI","",""
"Peiying Primary School","651 Yishun Ring Road,","768687","YISHUN","YISHUN","",""
"Pioneer Primary School","80 Tengah Garden Avenue,","699915","CHOA CHU KANG","CHOA CHU KANG","",""
"Poi Ching School","21 Tampines Street 71,","529067","TAMPINES","TAMPINES","",""
"Princess Elizabeth Primary School","30 Bukit Batok West Avenue 3,","659163","BUKIT BATOK","BUKIT BATOK","",""
"Punggol Cove Primary School","52 Sumang Walk,","828674","PUNGGOL","PUNGGOL","",""
"Punggol Green Primary School","98 Punggol Walk,","828772","PUNGGOL","PUNGGOL","",""
"Punggol Primary School","61 Hougang Avenue 8,","538787","HOUGANG","HOUGANG","",""
"Punggol View Primary School","9 Punggol Place,","828845","PUNGGOL","PUNGGOL","",""
"Qifa Primary School","50 West Coast Avenue,","128104","CLEMENTI","CLEMENTI","",""
"Qihua Primary School","5 Woodlands Street 81,","738525","WOODLANDS","WOODLANDS","",""
"Queenstown Primary School","310 Margaret Dr,","149303","QUEENSTOWN","QUEENSTOWN","",""
"Radin Mas Primary School","1 Bukit Purmei Avenue,","099840","BUKIT MERAH","BUKIT MERAH","",""
"Raffles Girls' Primary School","21 Hillcrest Road,","289072","BUKIT TIMAH","BUKIT TIMAH","",""
"Red Swastika School","350 Bedok North Avenue 3,","469719","BEDOK","BEDOK","",""
"River Valley Primary School","2 River Valley Green,","237993","CENTRAL AREA","CENTRAL AREA","",""
"Riverside Primary School","110 Woodlands Crescent,","737803","WOODLANDS","WOODLANDS","",""
"Rivervale Primary School","80 Rivervale Drive,","545092","SENGKANG","SENGKANG","",""
"Rosyth School","21 Serangoon North Avenue 4,","555855","SERANGOON","SERANGOON","",""
"Rulang Primary School","6 Jurong West Street 52,","649295","JURONG WEST","JURONG WEST","",""
"Sembawang Primary School","10 Sembawang Drive,","757715","SEMBAWANG","SEMBAWANG","",""
"Seng Kang Primary School","21 Compassvale Walk,","545166","SENGKANG","SENGKANG","",""
"Sengkang Green Primary School","15 Fernvale Road,","797636","SENGKANG","SENGKANG","",""
"Shuqun Primary School","8 Jurong West Street 51,","649332","JURONG WEST","JURONG WEST","",""
"Si Ling Primary School","61 Woodlands Avenue 1,","739067","WOODLANDS","WOODLANDS","",""
"Singapore Chinese Girls' Primary School","190 Dunearn Road,","309437","CENTRAL AREA","CENTRAL AREA","",""
"South View Primary School","6 Choa Chu Kang Central,","689762","CHOA CHU KANG","CHOA CHU KANG","",""
"Springdale Primary School","71 Anchorvale Link,","544799","SENGKANG","SENGKANG","",""
"St Andrew's School (Junior)","2 Francis Thomas Drive,","359337","TOA PAYOH","TOA PAYOH","",""
"St. Anthony's Canossian Primary School","1602 Bedok North Ave 4,","469701","BEDOK","BEDOK","",""
"St. Anthony's Primary School","30 Bukit Batok St 32,","659401","BUKIT BATOK","BUKIT BATOK","",""
"St. Gabriel's Primary School","220 Lorong Chuan,","556742","SERANGOON","SERANGOON","",""
"St. Hilda's Primary School","2 Tampines Ave 3,","529706","TAMPINES","TAMPINES","",""
"St. Joseph's Institution Junior","3 Essex Road,","309331","CENTRAL AREA","CENTRAL AREA","",""
"St. Margaret's School (Primary)","136 Sophia Road,","228197","CENTRAL AREA","CENTRAL AREA","",""
"St. Stephen's School","20 Siglap View,","455789","BEDOK","BEDOK","",""
"Tampines North Primary School","30 Tampines Avenue 9,","529565","TAMPINES","TAMPINES","",""
"Tampines Primary School","250 Tampines Street 12,","529426","TAMPINES","TAMPINES","",""
"Tanjong Katong Primary School","10 Seraya Road,","437259","MARINE PARADE","MARINE PARADE","",""
"Tao Nan School","49 Marine Crescent,","449761","MARINE PARADE","MARINE PARADE","",""
"Teck Ghee Primary School","1 Ang Mo Kio Street 32,","569299","ANG MO KIO","ANG MO KIO","",""
"Teck Whye Primary School","11 Teck Whye Walk,","688261","CHOA CHU KANG","CHOA CHU KANG","",""
"Telok Kurau Primary School","50 Bedok Reservoir Rd,","479239","BEDOK","BEDOK","",""
"Temasek Primary School","501 Bedok South Ave 3,","469300","BEDOK","BEDOK","",""
"Townsville Primary School","3 Ang Mo Kio Ave 10,","569730","ANG MO KIO","ANG MO KIO","",""
"Unity Primary School","21 Choa Chu Kang Crescent,","688268","CHOA CHU KANG","CHOA CHU KANG","",""
"Valour Primary School","49 Punggol Central,","828728","PUNGGOL","PUNGGOL","",""
"Waterway Primary School","70 Punggol Drive,","828802","PUNGGOL","PUNGGOL","",""
"Wellington Primary School","10 Wellington Circle,","757702","SEMBAWANG","SEMBAWANG","",""
"West Grove Primary School","1 Jurong West St 72,","649223","JURONG WEST","JURONG WEST","",""
"West Spring Primary School","60 Bukit Panjang Ring Road,","679946","BUKIT PANJANG","BUKIT PANJANG","",""
"West View Primary School","31 Senja Road,","677742","BUKIT PANJANG","BUKIT PANJANG","",""
"Westwood Primary School","1 Jurong West Street 73,","649188","JURONG WEST","JURONG WEST","",""
"White Sands Primary School","2 Pasir Ris St 11,","519075","PASIR RIS","PASIR RIS","",""
"Woodgrove Primary School","2 Woodlands Drive 14,","738079","WOODLANDS","WOODLANDS","",""
"Woodlands Primary School","10 Woodlands Drive 50,","738853","WOODLANDS","WOODLANDS","",""
"Woodlands Ring Primary School","11 Woodlands Ring Road,","738240","WOODLANDS","WOODLANDS","",""
"Xinghua Primary School","45 Hougang Avenue 1,","538882","HOUGANG","HOUGANG","",""
"Xingnan Primary School","5 Jurong West Street 91,","649036","JURONG WEST","JURONG WEST","",""
"Xinmin Primary School","9 Hougang Avenue 8,","538784","HOUGANG","HOUGANG","",""
"Xishan Primary School","8 Yishun Street 21,","768611","YISHUN","YISHUN","",""
"Yangzheng Primary School","15 Serangoon Avenue 3,","556108","SERANGOON","SERANGOON","",""
"Yew Tee Primary School","10 Choa Chu Kang St 64,","689100","CHOA CHU KANG","CHOA CHU KANG","",""
"Yio Chu Kang Primary School","1 Hougang Street 51,","538720","HOUGANG","HOUGANG","",""
"Yishun Primary School","500 Yishun Ring Road,","768679","YISHUN","YISHUN","",""
"Yu Neng Primary School","56 Bedok North St 3,","469623","BEDOK","BEDOK","",""
"Yuhua Primary School","158 Jurong East Street 24,","609558","JURONG EAST","JURONG EAST","",""
"Yumin Primary School","3 Tampines Street 21,","529393","TAMPINES","TAMPINES","",""
"Zhangde Primary School","51 Jalan Membina,","169485","BUKIT MERAH","BUKIT MERAH","",""
"Zhenghua Primary School","9 Fajar Road,","679002","BUKIT PANJANG","BUKIT PANJANG","",""
"Zhonghua Primary School","12 Serangoon Avenue 4,","556095","SERANGOON","SERANGOON","",""
